{"cameraMode":{"drawMode":0,"name":"Shaded","section":"Shading Mode"},"sceneLighting":false,"audioPlay":false,"sceneViewState":{"showFog":false,"showMaterialUpdate":false,"showSkybox":false,"showFlares":false,"showImageEffects":false,"showParticleSystems":false},"in2DMode":false,"pivot":{"x":217.98204040527345,"y":-29.4143123626709,"z":-3.690288782119751},"rotation":{"x":0.0455111600458622,"y":0.6999242305755615,"z":0.04477904364466667,"w":-0.711357593536377},"size":208.0216522216797,"orthographic":false}